<?xml version="1.0" encoding="UTF-8"?>
<project-private xmlns="http://www.netbeans.org/ns/project-private/1">
    <editor-bookmarks xmlns="http://www.netbeans.org/ns/editor-bookmarks/2" lastBookmarkId="0"/>
    <open-files xmlns="http://www.netbeans.org/ns/projectui-open-files/2">
        <group>
            <file>file:/C:/Users/Athinodoros/Documents/GitHub/group_05_2sem/web/menus.jsp</file>
            <file>file:/C:/Users/Athinodoros/Documents/GitHub/group_05_2sem/src/java/layer3/dataSource/mapper/CommentManager.java</file>
            <file>file:/C:/Users/Athinodoros/Documents/GitHub/group_05_2sem/src/java/layer2/domain/bean/Project.java</file>
            <file>file:/C:/Users/Athinodoros/Documents/GitHub/group_05_2sem/src/java/layer3/dataSource/DBFacade.java</file>
            <file>file:/C:/Users/Athinodoros/Documents/GitHub/group_05_2sem/src/java/layer2/domain/Controller.java</file>
            <file>file:/C:/Users/Athinodoros/Documents/GitHub/group_05_2sem/src/java/layer1/presentation/UIServlet.java</file>
            <file>file:/C:/Users/Athinodoros/Documents/GitHub/group_05_2sem/web/PageComponents/header.jsp</file>
            <file>file:/C:/Users/Athinodoros/Documents/GitHub/group_05_2sem/web/ProjectOverview.jsp</file>
            <file>file:/C:/Users/Athinodoros/Documents/GitHub/group_05_2sem/web/Dashboard.jsp</file>
            <file>file:/C:/Users/Athinodoros/Documents/GitHub/group_05_2sem/src/java/layer2/domain/interfaces/NamingConv.java</file>
            <file>file:/C:/Users/Athinodoros/Documents/GitHub/group_05_2sem/web/Forms/DisplayProject.jsp</file>
            <file>file:/C:/Users/Athinodoros/Documents/GitHub/group_05_2sem/src/java/layer3/dataSource/mapper/ProjectManager.java</file>
            <file>file:/C:/Users/Athinodoros/Documents/GitHub/group_05_2sem/web/Forms/newComment.jsp</file>
            <file>file:/C:/Users/Athinodoros/Documents/GitHub/group_05_2sem/web/beanHandlers/commentHandler.jsp</file>
        </group>
    </open-files>
</project-private>
